timestamp_local,timestamp_utc,month,zen,azi,dni,dhi,ghi,T_ambient,tilt_analytic_2D,Isc_2D,Voc_2D,Imp_2D,Vmp_2D,Pmax_2D,FF_2D,tilt_fixed_3D,Isc_3D,Imp_3D,Vmp_3D,Voc_3D,Pmax_3D,FF_3D
2024-01-21 09:00:00+05:30,2024-01-21 03:30:00+00:00,Jan,61.394731722075406,121.713813649467,810.390306841529,79.1372617691959,467.0912070001436,23.01,43.94835945719098,8.8,3.815,8.34,3.2187,26.8415,0.7999,31,12.911064504662932,12.213853535570326,3.241603206412825,3.815,39.59246678356139,0.8038147437361075
2024-01-21 10:00:00+05:30,2024-01-21 04:30:00+00:00,Jan,49.60013217996123,131.0787912735583,896.4507963600066,98.92917091002471,679.9112942615437,25.19,37.67133922256746,11.79,3.815,11.14,3.2416,36.1226,0.8029,31,15.94757122489577,15.065611253988424,3.2874749498997997,3.815,49.52781960241545,0.8140669369817215
2024-01-21 11:00:00+05:30,2024-01-21 05:30:00+00:00,Jan,39.80634040448528,145.55234515799384,937.49052473886,112.08344762980892,832.2606374068637,26.68,34.4976869549401,13.92,3.815,13.14,3.2416,42.579,0.8017,31,17.72313257703238,16.75806052778761,3.302765531062124,3.815,55.34794467862966,0.818590065467467
2024-01-21 12:00:00+05:30,2024-01-21 06:30:00+00:00,Jan,33.817043175240855,166.967212829534,954.7326513864265,118.7600809981169,911.959445234331,27.49,33.129164835216784,15.03,3.815,14.16,3.2416,45.9102,0.8005,31,18.56034044955791,17.5423920496369,3.3104108216432864,3.815,58.072524478627145,0.8201442138417999
2024-01-21 13:00:00+05:30,2024-01-21 07:30:00+00:00,Jan,33.731267211726234,192.44799445889848,954.9463951492273,118.84816686305248,913.0199269083065,28.22,33.10472968197215,15.05,3.815,14.18,3.2492,46.0653,0.8025,31,18.569619052840963,17.5510300615573,3.3180561122244487,3.815,58.235302571585244,0.822032142796069
2024-01-21 14:00:00+05:30,2024-01-21 08:30:00+00:00,Jan,39.58792151913887,214.04548335728109,938.2069751159471,112.3451081630925,835.3573117879627,28.51,34.41808083797005,13.96,3.815,13.16,3.2645,42.9627,0.8066,31,17.784858903976417,16.795130678290242,3.3257014028056107,3.815,55.855589657093404,0.823230921354251
2024-01-21 15:00:00+05:30,2024-01-21 09:30:00+00:00,Jan,49.30934654928739,228.6916940321556,897.969115349431,99.3603628643267,684.7899298130258,28.35,37.51354370602283,11.86,3.815,11.22,3.2722,36.6988,0.8114,31,16.016043691286622,15.141717956796056,3.3180561122244487,3.815,50.241069816125844,0.8222598626798315
2024-01-21 16:00:00+05:30,2024-01-21 10:30:00+00:00,Jan,61.06851327024257,238.16977243266786,813.6171576657616,79.75133236604688,473.3113128759903,27.78,43.65595779878117,8.88,3.815,8.41,3.2722,27.5227,0.8128,31,13.012137756701845,12.324676936097934,3.2874749498997997,3.815,40.51706669302977,0.8161966380779094
2024-02-21 09:00:00+05:30,2024-02-21 03:30:00+00:00,Feb,57.97897855779689,111.71398334432945,789.18879123225,96.3951823085149,514.8152433061044,23.55,30.60848594541745,8.2,3.815,7.77,3.2263,25.0629,0.8012,31,14.35191322156076,13.583434883378523,3.233957915831663,3.815,43.92825676528592,0.8023052372085948
2024-02-21 10:00:00+05:30,2024-02-21 04:30:00+00:00,Feb,44.814448563565925,120.21757223904888,873.7199534515992,118.08611475463772,737.878708140849,26.06,26.566689417801715,11.38,3.815,10.75,3.2492,34.9388,0.805,31,17.12964959109257,16.16257895449162,3.2798296593186373,3.815,53.01050582602083,0.8111831614348092
2024-02-21 11:00:00+05:30,2024-02-21 05:30:00+00:00,Feb,33.12638429338004,134.63780670300025,915.0129947942833,132.4652213775654,898.7488108134804,27.56,24.631227875044495,13.66,3.815,12.89,3.2492,41.8749,0.8034,31,18.742150594087768,17.6804500454753,3.2951202404809616,3.815,58.259208805658204,0.8147992431698776
2024-02-21 12:00:00+05:30,2024-02-21 06:30:00+00:00,Feb,25.085380460718966,160.4106639177544,932.8259291619026,139.88096244606527,984.7144363776918,28.47,23.798826741801,14.88,3.815,14.05,3.2416,45.5391,0.8021,31,19.575441516994154,18.462227285816695,3.302765531062124,3.815,60.97640790623001,0.8164991335262579
2024-02-21 13:00:00+05:30,2024-02-21 07:30:00+00:00,Feb,24.583401765504846,195.94442408454566,933.7200639694463,140.27717042501195,989.3564331854486,29.08,23.743987186340405,14.95,3.815,14.1,3.2492,45.8206,0.8036,31,19.62702779371093,18.503453856652428,3.3104108216432864,3.815,61.2540338848394,0.8180608605190111
2024-02-21 14:00:00+05:30,2024-02-21 08:30:00+00:00,Feb,31.977934208083674,223.2614985546742,917.9955716935885,133.64733563243533,912.3299644588352,29.34,24.449435994314975,13.85,3.815,13.07,3.2645,42.6825,0.8078,31,18.947152533911712,17.884247074311773,3.3104108216432864,3.815,59.204205051743976,0.8190568756805705
2024-02-21 15:00:00+05:30,2024-02-21 09:30:00+00:00,Feb,43.40302144523652,238.66320453334703,879.9643978099251,120.05285083261617,759.3637532436519,29.19,26.190523060707108,11.67,3.815,11.04,3.2798,36.208,0.813,31,17.367789085176298,16.398796767800558,3.3104108216432864,3.815,54.286754282055924,0.8193223424352297
2024-02-21 16:00:00+05:30,2024-02-21 10:30:00+00:00,Feb,56.45792508309045,247.64722718220358,802.1128698884614,99.23991362782749,542.4167406307183,28.65,29.841480318928493,8.58,3.815,8.14,3.2798,26.687,0.815,31,14.748503537101419,13.965667084612164,3.2874749498997997,3.815,45.91178069930265,0.815983991057055
2024-03-21 09:00:00+05:30,2024-03-21 03:30:00+00:00,Mar,52.69865795423374,99.57379835386575,766.4714237252907,119.81704055617183,584.2802822022925,28.03,12.315176514133933,8.27,3.815,7.84,3.2645,25.6032,0.8113,31,15.156935405501244,14.318918604978926,3.2568937875751502,3.815,46.6351970493501,0.8065065040110998
2024-03-21 10:00:00+05:30,2024-03-21 04:30:00+00:00,Mar,38.44092407770105,106.14298245989477,842.3313467730937,142.02327509533325,801.766559997989,30.31,12.445210529266747,11.36,3.815,10.74,3.2875,35.2965,0.8142,31,17.63141401263734,16.61885564322961,3.2951202404809616,3.815,54.761127603637135,0.8141242601388657
2024-03-21 11:00:00+05:30,2024-03-21 05:30:00+00:00,Mar,24.867241734497156,118.57621171177118,880.3919310934315,156.37927002326126,955.1401829504277,32.07,12.500281677689241,13.54,3.815,12.79,3.2875,42.0406,0.8136,31,19.19767750308472,18.099738493755737,3.3104108216432864,3.815,59.91757017864255,0.8181086021098354
2024-03-21 12:00:00+05:30,2024-03-21 06:30:00+00:00,Mar,14.157348929323987,151.63266900147363,896.338959889306,163.34881036788022,1032.462239098228,32.9,12.514329823876269,14.64,3.815,13.81,3.2875,45.3913,0.8125,31,19.921865665174906,18.775916425807438,3.3180561122244487,3.815,62.299544259265794,0.8197101638771522
2024-03-21 13:00:00+05:30,2024-03-21 07:30:00+00:00,Mar,14.978619539886864,214.07187021621212,895.4654872283345,162.94945796434115,1027.9872804235104,33.81,12.495953263360985,14.58,3.815,13.76,3.2951,45.3428,0.8153,31,19.878407175447986,18.703930282556957,3.3333466933867735,3.815,62.346684160697976,0.8221238294704097
2024-03-21 14:00:00+05:30,2024-03-21 08:30:00+00:00,Mar,26.269832503148315,243.45081485389483,877.500862287883,155.18370525982596,942.050202546902,34.4,12.44083643153605,13.36,3.815,12.6,3.3181,41.809,0.8206,31,19.030683175011617,17.956679205881485,3.3333466933867735,3.815,59.85583725513208,0.824437217003274
2024-03-21 15:00:00+05:30,2024-03-21 09:30:00+00:00,Mar,39.96282054337084,254.88194574326747,836.3915247263186,140.01861335288368,781.0669925529771,34.5,12.32849327926813,11.07,3.815,10.46,3.3333,34.8774,0.8262,31,17.406458091917866,16.434422745468716,3.3333466933867735,3.815,54.78162871632853,0.8249544869858981
2024-03-21 16:00:00+05:30,2024-03-21 10:30:00+00:00,Mar,54.25564917756424,261.1260668410396,754.6354934762637,116.8818124614611,557.6916308238265,34.21,12.096989420762556,7.89,3.815,7.47,3.3333,24.9151,0.8278,31,14.811419789543413,13.9964729794274,3.3180561122244487,3.815,46.44108271897343,0.8218850919997452
2024-04-21 09:00:00+05:30,2024-04-21 03:30:00+00:00,Apr,48.31704360084001,85.3703621139822,743.1891209491693,137.70454840008074,631.912847620759,29.06,5.179493570981825,8.68,3.815,8.23,3.2645,26.8572,0.8113,31,14.435831608193924,13.618292429849596,3.233957915831663,3.815,44.04098460362252,0.7996881673617176
2024-04-21 10:00:00+05:30,2024-04-21 04:30:00+00:00,Apr,33.73129664806291,87.71675775153057,810.0635557506272,159.04422606472087,832.7253692255342,31.34,1.5237730190886365,11.53,3.815,10.89,3.2875,35.7985,0.8139,31,16.938996992452182,15.944065756386902,3.2721843687374745,3.815,52.17192274217166,0.8073365404114937
2024-04-21 11:00:00+05:30,2024-04-21 05:30:00+00:00,Apr,19.119108234291758,90.64934478499669,844.1723291983313,172.4554426887936,970.0601436833027,33.2,0.22509236865350826,13.44,3.815,12.7,3.2875,41.7575,0.8143,31,18.349368562558652,17.255624256976528,3.2951202404809616,3.815,56.85935675129761,0.8122435587658299
2024-04-21 12:00:00+05:30,2024-04-21 06:30:00+00:00,Apr,4.552975302618094,101.22163141605944,857.622901285569,178.4104129934168,1033.3268106060943,34.12,0.8878289619175032,14.32,3.815,13.5,3.2951,44.4818,0.8142,31,18.919032919157292,17.803037840437042,3.302765531062124,3.815,58.79925972759014,0.8146637336054902
2024-04-21 13:00:00+05:30,2024-04-21 07:30:00+00:00,Apr,10.22377417307311,266.03595659580606,854.4466751464013,176.96347831752576,1017.8424754635672,34.78,0.7143349516902858,14.11,3.815,13.31,3.3028,43.9475,0.8167,31,18.73805558229462,17.635545845492015,3.3104108216432864,3.815,58.38090181250307,0.8166796502629022
2024-04-21 14:00:00+05:30,2024-04-21 08:30:00+00:00,Apr,24.830732118828706,270.76663183941184,833.7251611452978,168.111914149565,924.7563225423386,35.09,0.35471764521904503,12.81,3.815,12.1,3.3181,40.1428,0.8212,31,17.922208884112866,16.875116831131493,3.3104108216432864,3.815,55.86356937427246,0.8170386555220656
2024-04-21 15:00:00+05:30,2024-04-21 09:30:00+00:00,Apr,39.43209533851397,273.3407530631495,788.9538173766772,151.71230425823762,761.0704986293515,35.05,2.743605668091683,10.52,3.815,9.96,3.3257,33.1392,0.8258,31,16.091884180305346,15.178804025668569,3.302765531062124,3.815,50.13203073872516,0.8166084261711054
2024-04-21 16:00:00+05:30,2024-04-21 10:30:00+00:00,Apr,53.99479794648089,275.6603192713845,702.4857210250024,126.87296947522657,539.8120352802371,34.07,7.729377381413703,7.33,3.815,6.95,3.3181,23.0625,0.8244,31,13.123818161991222,12.390721205951586,3.2721843687374745,3.815,40.544724247498735,0.8098034159471894
2024-05-21 09:00:00+05:30,2024-05-21 03:30:00+00:00,May,47.39083044753677,74.26438022615014,733.383112521385,138.89564790715752,635.3739499982935,28.55,16.42719601854302,8.0,3.815,7.58,3.2645,24.7321,0.8107,31,13.483961189448516,12.708332756770877,3.2186673346693384,3.815,40.90389552232676,0.7951565382280368
2024-05-21 10:00:00+05:30,2024-05-21 04:30:00+00:00,May,33.36689746767996,72.72914916183765,795.4378170990353,158.94384761559468,823.257681775891,30.7,11.06270350963855,10.92,3.815,10.33,3.2798,33.8705,0.8131,31,15.97428409110673,15.01952043178615,3.241603206412825,3.815,48.68732559046093,0.7989138923741718
2024-05-21 11:00:00+05:30,2024-05-21 05:30:00+00:00,May,19.647864259221123,65.60714589513213,827.4046022354199,171.49046920116768,950.7180433392767,32.51,8.387727583771706,12.84,3.815,12.12,3.2875,39.8603,0.8135,31,17.295679668288063,16.278303566990193,3.2645390781563126,3.815,53.14115812053078,0.8053762889910198
2024-05-21 12:00:00+05:30,2024-05-21 06:30:00+00:00,May,8.290747866447816,27.42012485431502,839.8268705275265,176.93046387639754,1007.9798544975994,33.62,7.3701890098372,13.7,3.815,12.94,3.2875,42.5341,0.814,31,17.820305949485807,16.76780590420267,3.2798296593186373,3.815,54.99554712630208,0.8089428275830578
2024-05-21 13:00:00+05:30,2024-05-21 07:30:00+00:00,May,12.779497512248653,306.4551552275586,836.2126441419865,175.30984892093375,990.8070629050465,34.16,7.675722184116089,13.44,3.815,12.7,3.2951,41.8563,0.8163,31,17.704056764370584,16.63845961854973,3.2874749498997997,3.815,54.698519200901615,0.8098568008635452
2024-05-21 14:00:00+05:30,2024-05-21 08:30:00+00:00,May,25.86795544417781,289.9623494452227,815.5745046572755,166.62371042521147,900.4740800943389,34.35,9.399518107643805,12.09,3.815,11.43,3.3104,37.8375,0.8205,31,16.80084601017215,15.821800321333225,3.2798296593186373,3.815,51.89280995772585,0.8096204968521769
2024-05-21 15:00:00+05:30,2024-05-21 09:30:00+00:00,May,39.786916735233234,286.27727677197345,771.7671086831969,150.7332869639007,743.7697607952633,34.33,13.138574346910774,9.69,3.815,9.17,3.3257,30.5005,0.8251,31,14.892564531747885,14.03778830890104,3.2721843687374745,3.815,45.934231476031655,0.8084858468833225
2024-05-21 16:00:00+05:30,2024-05-21 10:30:00+00:00,May,53.83552152954183,285.857899092812,688.5845290442417,126.81119379275515,533.1259091456342,34.14,20.497664298768306,6.35,3.815,6.02,3.3181,19.9904,0.8247,31,11.794351144528553,11.152956040426401,3.2721843687374745,3.815,36.49452842069947,0.8110715357185142
2024-06-21 09:00:00+05:30,2024-06-21 03:30:00+00:00,Jun,48.714095910801596,70.06758682755122,695.6037043549558,143.0338762287534,601.9871607182687,23.34,21.218399793618733,7.09,3.815,6.72,3.2034,21.5159,0.7955,31,12.4611548056617,11.767047514642973,3.1651503006012023,3.815,37.24447397816084,0.7834458985242273
2024-06-21 10:00:00+05:30,2024-06-21 04:30:00+00:00,Jun,35.06947908437426,67.52901030920185,762.4748534042712,164.22625303917857,788.26911887892,25.06,15.019904345857233,10.07,3.815,9.53,3.2187,30.6679,0.798,31,15.083768507357494,14.198206944575555,3.180440881763527,3.815,45.15655781426691,0.7847230839424778
2024-06-21 11:00:00+05:30,2024-06-21 05:30:00+00:00,Jun,21.954393950760846,58.6543525436274,797.5192103560686,177.58650215275384,917.2674222393946,26.44,11.842921125461514,12.09,3.815,11.42,3.2187,36.7652,0.7974,31,16.68176142107837,15.684638116559972,3.188086172344689,3.815,50.003977897635295,0.7857205401486025
2024-06-21 12:00:00+05:30,2024-06-21 06:30:00+00:00,Jun,11.637375942151706,25.204340329694276,811.9241636521415,183.70604952188035,978.9391938018174,27.17,10.555595334723074,13.03,3.815,12.31,3.2187,39.6132,0.7968,31,17.389013184883883,16.325272675730208,3.203376753507014,3.815,52.295998984097395,0.7883135371454341
2024-06-21 13:00:00+05:30,2024-06-21 07:30:00+00:00,Jun,13.881427817950836,320.2678320793492,809.6163509413308,182.6968885631768,968.6663990792496,28.11,10.760943921028025,12.88,3.815,12.15,3.234,39.2853,0.7998,31,17.211803987666833,16.17720660997331,3.2110220440881765,3.815,51.94536703639326,0.7910899829896899
2024-06-21 14:00:00+05:30,2024-06-21 08:30:00+00:00,Jun,25.561406710533745,297.66308749716586,789.9907560560874,174.54667501277845,887.2109317613991,28.58,12.519800696240523,11.62,3.815,10.98,3.2492,35.6628,0.8044,31,16.31165617472017,15.343143553916285,3.2110220440881765,3.815,49.2671721772346,0.7917080022045458
2024-06-21 15:00:00+05:30,2024-06-21 09:30:00+00:00,Jun,38.911208402482195,291.3715336398484,747.5223563322292,159.06591398435194,740.7169177392062,28.58,16.391925665722457,9.32,3.815,8.83,3.2569,28.7544,0.8086,31,14.521471376946732,13.674895093784107,3.2186673346693384,3.815,44.014938143392904,0.7945018822242339
2024-06-21 16:00:00+05:30,2024-06-21 10:30:00+00:00,Jun,52.60814029874745,289.73423739952153,667.7159971868304,135.36729688863562,540.8258260813384,28.02,23.83431267244482,6.09,3.815,5.79,3.2416,18.7602,0.8069,31,11.37207182359635,10.748597080956321,3.2110220440881765,3.815,34.51398216997257,0.795538009176924
2024-07-21 09:00:00+05:30,2024-07-21 03:30:00+00:00,Jul,49.697274883857474,74.13923173626011,676.9553187063985,145.08117746962972,582.9353760205629,21.89,17.860703766197005,7.24,3.815,6.86,3.1804,21.8061,0.79,31,12.649391709730118,11.952097843092474,3.134569138276553,3.815,37.46467703661942,0.7763504505665936
2024-07-21 10:00:00+05:30,2024-07-21 04:30:00+00:00,Jul,35.66827371402687,73.03561163288987,749.7814483310972,167.98089680605892,777.0988747656193,22.94,11.827856550775033,10.26,3.815,9.7,3.1881,30.934,0.7906,31,15.302144344268104,14.407012320483574,3.1498597194388775,3.815,45.380067785750846,0.7773530442164652
2024-07-21 11:00:00+05:30,2024-07-21 05:30:00+00:00,Jul,21.86957558255284,67.36588686696115,788.0675955273814,182.50059731407623,913.8507505401823,23.97,8.781039238475529,12.32,3.815,11.63,3.1881,37.0932,0.7889,31,16.889960733661894,15.874599731644647,3.1727955911823646,3.815,50.366860040346886,0.7816668511133296
2024-07-21 12:00:00+05:30,2024-07-21 06:30:00+00:00,Jul,9.668255274090981,39.32914658150111,804.3959676398005,189.43452015144635,982.4047035603969,24.39,7.507112586018161,13.34,3.815,12.6,3.1804,40.0783,0.7872,31,17.611385781689492,16.5418029415098,3.180440881763527,3.815,52.610226333253934,0.7830366638843208
2024-07-21 13:00:00+05:30,2024-07-21 07:30:00+00:00,Jul,10.965913598934051,313.4012603507821,803.3020510843605,188.95342228466927,977.5867213676977,24.3,7.5834904042138795,13.27,3.815,12.53,3.1804,39.8638,0.7872,31,17.595352719081955,16.55698843233082,3.1727955911823646,3.815,52.53193990135664,0.7825839185399981
2024-07-21 14:00:00+05:30,2024-07-21 08:30:00+00:00,Jul,23.632699324488428,291.31004482652213,784.4928086988816,181.04828722805644,899.7447940024036,23.21,9.035462887876928,12.12,3.815,11.44,3.1804,36.392,0.7874,31,16.725701244748535,15.717989810848882,3.1651503006012023,3.815,49.74980017465497,0.7796729432143199
2024-07-21 15:00:00+05:30,2024-07-21 09:30:00+00:00,Jul,37.49089777746491,286.59355039383775,742.658700849049,165.50248922786898,754.7547197492245,22.27,12.356121246028238,9.92,3.815,9.39,3.1804,29.8652,0.7893,31,15.100086309645315,14.207574629954138,3.142214428857715,3.815,44.64324600131471,0.7749644715050931
2024-07-21 16:00:00+05:30,2024-07-21 10:30:00+00:00,Jul,51.53257361773146,285.7991804225149,663.6021288436915,141.36288650956635,554.1501250155042,21.63,18.915848814390078,6.79,3.815,6.44,3.1728,20.4295,0.7889,31,12.220337019153847,11.537992376914145,3.134569138276553,3.815,36.16663482234521,0.7757653460919085
2024-08-21 09:00:00+05:30,2024-08-21 03:30:00+00:00,Aug,49.39797817509715,85.24620230260746,678.726668128281,149.03412514576786,590.7322105934531,20.97,5.522429177973314,8.11,3.815,7.68,3.1652,24.3007,0.7859,31,13.765445027717254,12.989916539501447,3.134569138276553,3.815,40.71779149350939,0.7753528996945748
2024-08-21 10:00:00+05:30,2024-08-21 04:30:00+00:00,Aug,34.81656994790019,87.64535732808275,754.0962118866814,173.00662672339956,792.0987098734415,21.53,1.6366232273140942,10.97,3.815,10.37,3.1652,32.8272,0.7847,31,16.374028246462196,15.414643352862628,3.1575050100200395,3.815,48.671813614335846,0.7791614403184939
2024-08-21 11:00:00+05:30,2024-08-21 05:30:00+00:00,Aug,20.20672436491691,90.63934405576651,793.1370101910094,187.99009713432997,932.308494800777,22.24,0.23531179977980415,12.92,3.815,12.21,3.1575,38.5506,0.7822,31,17.931765308332146,16.885967430745904,3.1651503006012023,3.815,53.44662488936751,0.7812727855976442
2024-08-21 12:00:00+05:30,2024-08-21 06:30:00+00:00,Aug,5.638020590192227,100.06221239086341,809.2435019626653,194.90293432691453,1000.2314304259768,24.13,0.9881540540547606,13.86,3.815,13.08,3.1728,41.4991,0.7847,31,18.60903973058335,17.506875511915982,3.188086172344689,3.815,55.81342774049919,0.7861767386752657
2024-08-21 13:00:00+05:30,2024-08-21 07:30:00+00:00,Aug,9.166755108223285,264.3872874262937,807.084436466055,193.94616862113662,990.7226078317909,24.83,0.9041963201576759,13.73,3.815,12.96,3.1804,41.2253,0.787,31,18.50931143294199,17.4131324722236,3.1957314629258518,3.815,55.647695309580776,0.7880656124527378
2024-08-21 14:00:00+05:30,2024-08-21 08:30:00+00:00,Aug,23.768192813873654,270.11017059227623,786.0530990759102,185.09885433979207,904.477559792611,24.2,0.04851793981276375,12.53,3.815,11.83,3.1881,37.7049,0.7886,31,17.645340238413745,16.60425620026604,3.188086172344689,3.815,52.93579959413673,0.7863663089341252
2024-08-21 15:00:00+05:30,2024-08-21 09:30:00+00:00,Aug,38.377264838944335,272.84117367954366,739.8702626496286,168.0532922010957,748.0562352292635,23.22,2.2479752748826445,10.35,3.815,9.79,3.1881,31.1998,0.7903,31,15.849364323426684,14.928463210495496,3.1727955911823646,3.815,47.36496225738824,0.7833409039068593
2024-08-21 16:00:00+05:30,2024-08-21 10:30:00+00:00,Aug,52.95304422381763,275.20119318193156,651.6680428709276,141.52897464357528,534.1184660224885,21.77,6.848202065338674,7.29,3.815,6.91,3.1728,21.9085,0.7876,31,12.90717323801236,12.18941759817097,3.134569138276553,3.815,38.20857221679182,0.7759524841022475
2024-09-21 09:00:00+05:30,2024-09-21 03:30:00+00:00,Sep,49.27820352102721,100.68647657260249,720.2325492521,142.44780557293547,612.2990921254351,24.0,12.156982756201204,8.66,3.815,8.21,3.2034,26.2905,0.7959,31,15.318152067703444,14.455260096202563,3.203376753507014,3.815,46.30564415807285,0.792379098603167
2024-09-21 10:00:00+05:30,2024-09-21 04:30:00+00:00,Sep,35.11834771027809,108.12804326099052,791.2331360043872,164.74188620765028,811.933775286638,25.07,12.343072100431087,11.5,3.815,10.86,3.211,34.883,0.7953,31,17.652696546652127,16.668015737339942,3.2186673346693384,3.815,53.64879778753054,0.7966258527446717
2024-09-21 11:00:00+05:30,2024-09-21 05:30:00+00:00,Sep,21.87734828947673,123.30997395129828,826.8063627315576,178.33394395839957,945.5930343255799,26.04,12.435401353778358,13.4,3.815,12.66,3.2034,40.5496,0.7933,31,19.050545370350008,17.95368576600995,3.233957915831663,3.815,58.06146420134213,0.7988882404949005
2024-09-21 12:00:00+05:30,2024-09-21 06:30:00+00:00,Sep,12.861802309145219,165.7327886782956,839.9252122357021,183.9197464969768,1002.7698090279873,27.57,12.477716650466357,14.21,3.815,13.39,3.2187,43.1119,0.7952,31,19.647750917188585,18.5098783804693,3.249248496993988,3.815,60.14319450728138,0.8023781725856398
2024-09-21 13:00:00+05:30,2024-09-21 07:30:00+00:00,Sep,17.150763316261163,224.15768023142056,834.639511149705,181.62647701356036,979.149079482103,27.61,12.48417099049299,13.88,3.815,13.1,3.2187,42.1551,0.7963,31,19.418372274158568,18.299937081904176,3.249248496993988,3.815,59.46104305846169,0.8026480560306484
2024-09-21 14:00:00+05:30,2024-09-21 08:30:00+00:00,Sep,29.40508770632308,246.9279178103016,809.3599155052214,171.41087280143472,876.4944433105322,27.18,12.454621860458651,12.42,3.815,11.73,3.2263,37.854,0.7991,31,18.379665305536165,17.30626871417668,3.249248496993988,3.815,56.23236760811266,0.8019628093367169
2024-09-21 15:00:00+05:30,2024-09-21 09:30:00+00:00,Sep,43.315455063427734,256.54601700918494,755.6310779854938,152.9084075937226,702.6817362811191,25.64,12.37300022127844,9.95,3.815,9.43,3.2187,30.3364,0.7994,31,16.423363797508898,15.49083606950737,3.2263126252505008,3.815,49.978279986737476,0.7976725558379785
2024-09-21 16:00:00+05:30,2024-09-21 10:30:00+00:00,Sep,57.682016367967144,262.1503351305355,650.3630624921485,124.49702645998866,472.1667551164015,24.19,12.182564971818032,6.67,3.815,6.33,3.1957,20.2359,0.7949,31,13.369189594516527,12.632475439702567,3.188086172344689,3.815,40.27342027179965,0.7896213631726847
2024-10-21 09:00:00+05:30,2024-10-21 03:30:00+00:00,Oct,51.51865776126935,115.4381653300432,782.7217852408168,120.48937641196909,607.5226833275458,22.12,28.385138029900254,9.47,3.815,8.97,3.1957,28.6664,0.7934,31,15.49662758619216,14.666803071391522,3.2110220440881765,3.815,47.09542797853835,0.7966123028822778
2024-10-21 10:00:00+05:30,2024-10-21 04:30:00+00:00,Oct,38.94447345142132,126.32563489941913,847.684290142314,139.73364277558187,799.011900076496,22.75,25.582534731684067,12.2,3.815,11.52,3.1957,36.8155,0.7907,31,17.707883071308153,16.698991082197995,3.233957915831663,3.815,54.00383439667656,0.7993986471492964
2024-10-21 11:00:00+05:30,2024-10-21 05:30:00+00:00,Oct,28.66780630675894,145.54534315237817,879.0181355879505,151.28102454251564,922.5385951473261,23.76,24.26771687955592,13.96,3.815,13.18,3.1881,42.0221,0.7888,31,19.014501500734166,17.9349137438819,3.241603206412825,3.815,58.13787389890501,0.8014559532404661
2024-10-21 12:00:00+05:30,2024-10-21 06:30:00+00:00,Oct,23.87599195453383,177.46143829036293,889.1580775759428,155.45637275686374,968.5187848996694,23.69,23.85517750325431,14.62,3.815,13.79,3.1804,43.8707,0.7866,31,19.461742141498355,18.345010826525858,3.241603206412825,3.815,59.46724591694421,0.8009429246828104
2024-10-21 13:00:00+05:30,2024-10-21 07:30:00+00:00,Oct,27.594044516159464,210.73825486765975,881.5051219398413,152.28286394094596,933.5119367926006,23.7,24.190943773475496,14.12,3.815,13.32,3.1881,42.4658,0.7882,31,19.128543243369116,18.037760114238168,3.241603206412825,3.815,58.47126102281982,0.801246270023013
2024-10-21 14:00:00+05:30,2024-10-21 08:30:00+00:00,Oct,37.36096307395283,231.55347782425042,853.520982372031,141.74731433786985,820.1381081223936,23.97,25.39456974442234,12.51,3.815,11.82,3.2034,37.8659,0.7934,31,17.94698756209429,16.952118915012758,3.241603206412825,3.815,54.95204303039686,0.8025973830201288
2024-10-21 15:00:00+05:30,2024-10-21 09:30:00+00:00,Oct,49.72855885805217,243.25418720948514,794.4589263917728,123.60531351217185,637.1298306530363,22.35,27.977125664760884,9.9,3.815,9.38,3.1957,29.9824,0.7936,31,15.838899017415226,14.974877179531422,3.2186673346693384,3.815,48.1991480184431,0.7976637013029473
2024-10-21 16:00:00+05:30,2024-10-21 10:30:00+00:00,Oct,63.180318751486936,250.45124762125755,673.3167945184011,96.34473181340678,400.09934548874725,21.47,33.49849827567774,6.5,3.815,6.17,3.1728,19.5828,0.7896,31,12.367187328148944,11.708138305067774,3.180440881763527,3.815,37.23704171477908,0.789241093850785
2024-11-21 09:00:00+05:30,2024-11-21 03:30:00+00:00,Nov,56.265257099285876,125.14501847864807,815.2269019801703,97.23742355856496,549.9425100914897,23.34,40.76182494398659,9.87,3.815,9.33,3.2187,30.0401,0.7981,31,14.171391035840239,13.41933993404382,3.241603206412825,3.815,43.50017535814012,0.8046073279172294
2024-11-21 10:00:00+05:30,2024-11-21 04:30:00+00:00,Nov,45.160117933911366,136.38881493965084,882.5204808051706,114.99605831881684,737.2671528716277,24.49,36.058188408773674,12.51,3.815,11.82,3.2187,38.0428,0.7971,31,16.657774246429735,15.735366863131361,3.2721843687374745,3.815,51.48902148588807,0.8102203072940972
2024-11-21 11:00:00+05:30,2024-11-21 05:30:00+00:00,Nov,36.70613951242741,153.69432639525076,914.4174829240725,125.8095054743136,858.8964509519544,25.75,33.75627731456389,14.22,3.815,13.42,3.2187,43.1793,0.796,31,18.049734488320922,17.042535271449342,3.2874749498997997,3.815,56.026907787673494,0.8136381312104519
2024-11-21 12:00:00+05:30,2024-11-21 06:30:00+00:00,Nov,33.01875299619483,177.6179850912382,924.8815287620446,129.83508363118074,905.3313150158905,25.91,32.99612678599838,14.87,3.815,14.04,3.211,45.0705,0.7944,31,18.518208449912297,17.488293019432238,3.2874749498997997,3.815,57.49232521789101,0.8137975215990769
2024-11-21 13:00:00+05:30,2024-11-21 07:30:00+00:00,Nov,35.613798846360005,202.3145346816952,917.705104401738,127.04545625861476,873.0920726552658,26.33,33.53057385718751,14.42,3.815,13.59,3.2263,43.8455,0.797,31,18.182438103122518,17.160310265504833,3.2951202404809616,3.815,56.545285688798195,0.8151729172416072
2024-11-21 14:00:00+05:30,2024-11-21 08:30:00+00:00,Nov,43.37566382665145,220.91065565325798,890.3301581016397,117.46461427231964,764.5984981596359,26.69,35.52881485644326,12.9,3.815,12.18,3.2416,39.4766,0.8022,31,16.974241520666826,16.037866726393744,3.2951202404809616,3.815,52.84669926427617,0.8160803999934345
2024-11-21 15:00:00+05:30,2024-11-21 09:30:00+00:00,Nov,54.118867061316244,233.0784719354914,831.3378187702592,101.01240359967392,588.2364245034144,26.55,39.707549853326995,10.42,3.815,9.86,3.2492,32.0425,0.8063,31,14.735919854536926,13.945860210018134,3.2798296593186373,3.815,45.74004594152911,0.8136259719635381
2024-11-21 16:00:00+05:30,2024-11-21 10:30:00+00:00,Nov,66.3995186962345,241.01603164960454,706.08619462012,76.62089542803517,359.2634740712176,25.36,47.96116426107835,7.12,3.815,6.75,3.2263,21.7819,0.8017,31,10.77413169236252,10.209890350548019,3.2263126252505008,3.815,32.94029814039634,0.8014025199413612
2024-12-21 09:00:00+05:30,2024-12-21 03:30:00+00:00,Dec,60.49046562836179,126.80692086828645,778.6690516563272,91.28502532200827,474.7972343516685,18.16,46.628661574268946,9.27,3.815,8.77,3.1575,27.6836,0.783,31,12.647467508331292,11.972399826763661,3.180440881763527,3.815,38.07750986185772,0.7891697406298067
2024-12-21 10:00:00+05:30,2024-12-21 04:30:00+00:00,Dec,49.584996640642636,137.05316434014316,862.7697915126952,110.80429547732888,670.1316097087555,20.62,40.68316836535631,12.04,3.815,11.39,3.1728,36.1465,0.7867,31,15.626290261299932,14.783692261612423,3.2263126252505008,3.815,47.696812991458295,0.8000901648465237
2024-12-21 11:00:00+05:30,2024-12-21 05:30:00+00:00,Dec,41.06663796584864,152.3022473421113,903.007139916217,123.07287606343152,803.8761126778957,22.24,37.649703482524394,13.92,3.815,13.13,3.1804,41.7709,0.7867,31,17.294033678627912,16.350461145131597,3.249248496993988,3.815,53.12671130097744,0.8052339736964865
2024-12-21 12:00:00+05:30,2024-12-21 06:30:00+00:00,Dec,36.65822934294509,173.15419847426517,918.3518321477136,128.50592339720197,865.2057998331283,23.28,36.46208530873602,14.77,3.815,13.92,3.1881,44.3625,0.7871,31,18.0483554651508,17.040041385965814,3.2645390781563126,3.815,55.62788099788626,0.8079050796561006
2024-12-21 13:00:00+05:30,2024-12-21 07:30:00+00:00,Dec,37.83180018001658,195.88371652574986,914.5650203588326,127.11922881269982,849.4431431259976,24.15,36.75674425583775,14.55,3.815,13.73,3.1957,43.8727,0.7901,31,17.840255390035583,16.849257746992638,3.2721843687374745,3.815,55.13387782453811,0.810070710996318
2024-12-21 14:00:00+05:30,2024-12-21 08:30:00+00:00,Dec,44.142977716870305,214.5985260009548,890.295854282755,118.91635017812075,757.7783494373274,24.6,38.620901114142455,13.27,3.815,12.54,3.211,40.2516,0.7949,31,16.76742521078031,15.856371936041667,3.2721843687374745,3.815,51.884972394003114,0.8111117071380572
2024-12-21 15:00:00+05:30,2024-12-21 09:30:00+00:00,Dec,53.80615147547407,227.6181702288236,835.7656729040816,103.80486444033966,597.3129553611662,24.67,42.651421683208376,11.02,3.815,10.41,3.2263,33.602,0.7995,31,14.633892523737114,13.839133526543952,3.2645390781563126,3.815,45.17839220522592,0.8092381860630354
2024-12-21 16:00:00+05:30,2024-12-21 10:30:00+00:00,Dec,65.33659551355287,236.3145501915402,721.2130051623764,80.86234272316835,381.7727073231872,24.36,50.37899632889137,7.91,3.815,7.48,3.2187,24.0883,0.7987,31,10.966785186125707,10.396732224410902,3.2186673346693384,3.815,33.46362239801546,0.7998325459573936
